Year,Site,Habitat,Benthic Invertebrate Consumer,Browser,Brusher,Concealed Cropper,Corallivore,Cropper,Excavator,Herbivore/Detritivore,Omnivore,Piscivore,Scraper,Planktivore_exclusively,Fish Scale Consumer,Sediment Sucker,na,Unknown
2006,1,BA,4046.4400000000005,800.4099999999997,10859.14,2552.1200000000003,1663.9899999999998,13612.589999999998,2569.0499999999997,233.07999999999998,3266.1299999999997,5649.9000000000005,856.1500000000001,NA,NA,NA,NA,NA
2006,1,FO,4940.670000000002,2241.5900000000006,19898.670000000002,12831.47,3558.5399999999995,4811.299999999999,7715.1,8.129999999999999,9193.000000000002,64125.68,4303.8,2081.71,NA,NA,NA,NA
2006,1,FR,6100.14,126.33,2488.56,4612.689999999999,2139.42,15041.029999999999,957.6500000000001,NA,4733.930000000001,5763.140000000001,351.23,232.31,NA,NA,NA,NA
2006,2,BA,5562,620.14,4766.6500000000005,5300.030000000001,3719.04,1877.1399999999996,3321.9,36.74,4193.049999999999,955.07,5666.6,NA,5.6,NA,NA,NA
2006,2,FO,5866.470000000002,2383.2700000000004,9780.99,2662.17,3133.04,4350.390000000001,5892.1,3.22,11448.239999999998,11326.890000000001,709.6,1265.31,0.3,NA,NA,NA
2006,2,FR,14912.600000000006,146.03000000000003,4461.679999999999,2763.74,1404.6699999999998,5243.92,1770.19,638.58,7276.1500000000005,2373.87,749.8400000000001,70.95,NA,87.6,NA,NA
2006,3,BA,2042.26,NA,1341.6,782.58,2207.4799999999996,215.95999999999998,980.45,NA,2047.9199999999996,803.7,349.1,NA,NA,NA,NA,NA
2006,3,FO,5304.300000000001,1473.65,9959.91,3403.77,3198.540000000001,2595.02,4269.97,10.030000000000001,9663.000000000004,7506.170000000004,3831.1999999999994,6756.09,NA,NA,NA,NA
2006,3,FR,10900.94,271.92,950.7599999999999,3549.0500000000006,7129.050000000001,614.26,1737.1899999999998,NA,7210.199999999999,4180.04,1489.27,1285.25,NA,NA,NA,NA
2006,4,BA,5781.380000000004,NA,5824.74,64.64,1555.31,708.8699999999999,209.4,NA,1518.2599999999995,219.1,52.3,NA,NA,NA,-1,NA
2006,4,FO,5474.0199999999995,2810.66,9807.84,1989.0700000000002,3732.38,3177.05,2884.6,65.15,21901.600000000002,8525.05,36.2,439.99000000000007,NA,NA,NA,NA
2006,4,FR,3450.669999999999,23.9,386.94,186.49999999999997,5444.410000000003,1046.48,356.73,4.6,3472.8900000000003,5441.619999999999,842.3000000000001,95.76,NA,NA,NA,NA
2006,5,BA,3350.110000000001,159.5,9555.889999999998,102.8,2567.61,1586.87,2521.3099999999995,434.06,2557.85,687.64,1645.3000000000002,NA,NA,NA,NA,NA
2006,5,FO,2855.4299999999994,156.47,6915.5599999999995,916.4499999999999,1952.4499999999991,2334.01,625.0999999999999,43.25,3108.5099999999998,2329.7599999999998,394.9,221.47000000000003,NA,NA,NA,NA
2006,5,FR,5761.410000000001,16.21,2591.72,1431.9300000000005,3331.81,1459.3500000000001,2676.09,44.34,4820.2,3458.4399999999996,170.98000000000002,825.26,NA,NA,NA,NA
2006,6,BA,8067.17,82.37,2071.27,286.55,3089.6400000000003,54425.76,4065.6400000000003,55.160000000000004,5747.720000000001,469.25999999999993,1976.6200000000001,153.6,NA,NA,NA,NA
2006,6,FO,6395.259999999999,457.59999999999997,4653.39,545.25,2337.4599999999996,1865.19,24481.7,269.85,5520.700000000001,5682.2300000000005,2554.7,5919.42,NA,NA,NA,NA
2006,6,FR,5118.87,465.40000000000003,3595.7,341.52,8925.119999999999,1521.5800000000002,839.1400000000001,6.58,4092.850000000001,1375.6999999999998,2456.05,1368.77,NA,NA,NA,NA
2007,1,BA,2991.5200000000013,367.1,5009.110000000001,1333.8799999999999,1679.6399999999996,8510.560000000001,526.36,46.2,3835.909999999998,13706.7,763.3000000000001,74.19,NA,NA,NA,NA
2007,1,FO,4637.930000000005,4603.5,5970.639999999999,5532.87,2364.0600000000004,14728.840000000002,18183.399999999998,106.24000000000001,7169.349999999998,4605.699999999999,1014,2352.9999999999995,6.35,NA,NA,NA
2007,1,FR,8254.120000000003,751.2,1505.6000000000001,6467.039999999998,3351.0299999999997,4620.89,1782.9799999999998,NA,2772.440000000001,1909.3700000000001,303.11,377.1,NA,NA,NA,NA
2007,2,BA,5983.380000000002,625.3000000000001,3150.419999999999,3340.8700000000003,2737.5,11071.740000000002,2926.1299999999997,NA,2809.26,184.19,661.5999999999999,120.93,NA,NA,NA,NA
2007,2,FO,5791.7,6385.1,3543.4800000000005,4217.34,1810.4099999999996,11281.56,5738.75,NA,6629.700000000003,7402.000000000001,822.0999999999999,150.51,3.4799999999999995,NA,NA,NA
2007,2,FR,14598.019999999993,394.05,1674.8499999999995,1560.8700000000001,1570.8,6059.7300000000005,1708.1800000000003,NA,4859.609999999998,5676.200000000001,116.64000000000001,95.56,NA,125.3,NA,NA
2007,3,BA,4318.169999999999,233.3,643.65,2573.1000000000004,2696.7,2912.8,683.87,NA,2090.8300000000004,60.6,970.7,NA,NA,NA,NA,NA
2007,3,FO,5720.730000000001,1639.6000000000001,3900.3799999999997,4349.69,1623.2199999999998,7042.13,4622,39.95,10874.170000000002,9237.000000000004,3286.7999999999997,389.36,1.51,NA,NA,NA
2007,3,FR,3886.3899999999994,698.49,499.78,3552.59,3606.1,1277.12,785.3399999999999,NA,4456.97,4951.539999999999,864.26,432.08000000000004,NA,NA,NA,NA
2007,4,BA,4888,NA,3431.9,41.78,728.59,1993.82,206.09,NA,1277.2999999999995,74.99,NA,NA,NA,NA,NA,NA
2007,4,FO,2712.1099999999997,1788.2,2442.99,2565.0800000000004,1619.11,9976.210000000001,733.06,35.95,7064.669999999998,33610.08,518.5,375.76,1.51,NA,NA,NA
2007,4,FR,7996.970000000006,NA,336.84999999999997,300.13,3045.2800000000007,1103.45,106.99000000000001,NA,2198.6,12555.179999999998,65.7,181.72,NA,NA,NA,NA
2007,5,BA,2778.7600000000025,574.8,1772.26,270.01,1461.5299999999997,8645.33,1849.48,NA,2076.5099999999998,30493.9,1195.2,NA,NA,NA,NA,NA
2007,5,FO,2054.5700000000006,1354.5,655.19,1157.8600000000001,1548.8799999999999,7292.15,4094.4999999999995,124.32999999999998,5284.889999999998,2813.3799999999997,NA,440.53999999999996,15.200000000000001,NA,NA,NA
2007,5,FR,3821.190000000001,97.5,1787.83,3548.42,2862.8399999999997,2321.98,2576.4199999999996,NA,3508.32,2341.5,342.33000000000004,3314.33,NA,NA,NA,NA
2007,6,BA,2191.100000000001,198,1367.3300000000002,288.09,2629.5899999999992,2266.93,2052.8500000000004,29.78,4023.3500000000004,209.78,830.6299999999999,42.7,3.03,NA,NA,NA
2007,6,FO,4880.380000000002,255.5,1663.7399999999998,1322.7900000000002,1741.1799999999994,8536.630000000001,22781.1,256.46,7731.499999999999,4264.66,1957.3,1566.68,6.05,NA,NA,NA
2007,6,FR,15956.490000000005,2069.7999999999997,1901.4,1140.12,16026.489999999998,3568.24,362.3300000000001,NA,4950.130000000002,1678.0000000000005,1501.9199999999998,1749.6999999999998,NA,NA,NA,NA
2008,1,BA,2266.4500000000003,236.50999999999996,3440.66,251.58999999999997,1168.5100000000002,99877.93000000002,543.2900000000001,84.07,1852.2099999999998,92.94,642.63,37.02,NA,NA,NA,NA
2008,1,FO,14205.03,1580.8,5240.750000000001,3818.400000000001,888.0799999999999,2938.67,7232.700000000001,62.290000000000006,6359.239999999998,5539.330000000001,2954.3,467.22,6.220000000000001,NA,NA,NA
2008,1,FR,2442.319999999999,466.17,1710.85,2194.07,1835.52,1100.6899999999998,1007.8699999999999,NA,5070.969999999999,716.2300000000001,804.07,133.15999999999997,NA,NA,NA,NA
2008,2,BA,2177.33,NA,4335.6,2000.2600000000002,1484.7999999999997,1271.01,772.31,195.23999999999998,1501.5199999999998,111.4,805.6300000000001,352.62,NA,NA,NA,NA
2008,2,FO,4635.259999999999,3232.4999999999995,8160.73,2897.9800000000005,1712.9000000000003,4062.9099999999994,3583.65,41.879999999999995,7723.929999999996,3786.8900000000017,1533.9999999999998,4553.78,14.629999999999999,NA,NA,NA
2008,2,FR,3208.6299999999997,355.7,2408.51,1501.09,726.2700000000001,1279.3799999999997,1323.49,1220.56,3226.389999999999,3451.8099999999995,158.51999999999998,370.53000000000003,NA,NA,NA,NA
2008,3,BA,2051.510000000001,NA,2656.879999999999,1486.8700000000001,2023.8899999999996,630.76,1414.9099999999999,NA,808.1000000000001,75.42,246.5,41.85,NA,NA,NA,NA
2008,3,FO,2987.13,1280.6999999999998,5249.72,1948.2400000000002,1027.6299999999999,2613.29,3296.8199999999997,253.46999999999997,5091.489999999999,3761.859999999999,1579.5,491.28000000000003,NA,NA,NA,NA
2008,3,FR,5285.019999999996,69.5,514.95,2006.6099999999997,2296.94,474.34,1188.8600000000001,NA,1904.34,16990.87,563.52,1003.9199999999998,NA,NA,-1,NA
2008,4,BA,3904.26,NA,2127.19,28.6,1068.25,799.02,184.29000000000002,NA,1359.97,115.25999999999999,160.76000000000002,NA,NA,NA,NA,NA
2008,4,FO,3212.920000000002,1242.9999999999998,2094.5299999999997,772.8499999999999,1486.8400000000001,1815.8399999999997,1167.32,38.97,4309.890000000002,5835.880000000001,274.7,220.79000000000002,0.97,NA,NA,NA
2008,4,FR,14586.409999999994,35.72,376.21999999999997,409.69,2549.359999999999,1063.35,209.67,NA,2758.9200000000005,778.7500000000001,483.6,159.55,NA,NA,NA,NA
2008,5,BA,1774.220000000001,162,4496.68,NA,1822.1599999999994,3823.76,1457.35,NA,1055.1299999999997,826.1000000000001,2523.1,0.73,NA,NA,NA,NA
2008,5,FO,2743.8999999999996,351.59999999999997,676.05,475.4600000000001,856.04,1769.7299999999998,2090.6000000000004,243.14999999999995,3281.270000000001,1015.2899999999998,482.20000000000005,657.3999999999999,6.08,NA,NA,-1
2008,5,FR,2793.11,11.6,2548,1903.17,2041.75,1101.97,2214.75,NA,2667.9800000000014,1210.6200000000001,307.49,345.52,NA,NA,NA,NA
2008,6,BA,3071.33,170.1,2347.15,39.940000000000005,1111.4699999999998,1038.24,2203.89,51.82,2169.58,663.46000000000015,1548.1399999999999,1166.8700000000001,NA,NA,NA,NA
2008,6,FO,3058.53,854.9499999999999,2361.4,625.71000000000015,818.8499999999999,1234.4600000000003,3906.45,271.58,4485.070000000001,2703.6000000000013,2993.3999999999996,1241.17,14.74,NA,NA,NA
2008,6,FR,4091.840000000002,278.84000000000003,3250.91,531.97,9325.499999999998,1093.83,2814.24,NA,2249.8700000000003,1774.8000000000004,1500.3299999999997,2388.8600000000006,NA,NA,NA,NA
2009,1,BA,3755.7600000000016,1110.5399999999997,7441.389999999999,866.3,1287.6000000000001,1924.1999999999994,1205.42,927.9400000000002,1801.4799999999998,18668.6,683.7600000000001,120.38,NA,NA,NA,NA
2009,1,FO,7233.190000000002,2343.35,14063.379999999997,3745.6199999999994,600.05,2284.1900000000005,13638.199999999997,226.77,8324.320000000002,32920.99,13084.400000000001,4120.3,6.24,NA,NA,NA
2009,1,FR,11014.340000000004,667.3499999999999,2035.35,2409.54,4912.570000000001,1044.7500000000002,3124.92,NA,9668.769999999991,15075.090000000002,1279.75,288.86999999999995,NA,NA,NA,NA
2009,2,BA,5888.910000000002,170.92000000000002,3502.5399999999995,2335.7100000000005,1265.0400000000002,913.8599999999999,1139.25,318.52000000000004,2499.1099999999997,1248.6,1606.04,89.04999999999998,NA,NA,NA,NA
2009,2,FO,23973.92000000001,3259.0000000000005,25195.57,3929.3399999999997,976.4000000000001,3478.169999999999,14366.199999999999,NA,7411.489999999998,15869.790000000003,6918.09,3256.64,2.9,NA,NA,NA
2009,2,FR,6898.8899999999985,634.1899999999999,2851.2299999999996,2656.9199999999996,1241.06,1593.5199999999993,4154.049999999999,NA,4453.539999999998,7571.500000000001,3202.3500000000004,139.54,NA,NA,NA,NA
2009,3,BA,2858.119999999999,147.2,2413.55,1175.3999999999999,1470.4499999999996,424.48,691.93,NA,1639.4799999999998,40521.799999999996,511.57,NA,NA,NA,NA,NA
2009,3,FO,39705.81999999999,1973.0999999999997,16423.450000000004,3618.76,493.91999999999996,1222.4700000000003,5775.6,100.03,6212.460000000002,10052.47,3802.4999999999995,45.21999999999999,0.57,NA,NA,NA
2009,3,FR,7985.8899999999985,198.17,1644.3799999999997,2461.370000000001,3122.5400000000004,333.83000000000004,1606.1999999999998,NA,4359.589999999997,14681.529999999999,1149.91,307.65999999999997,NA,NA,NA,NA
2009,4,BA,4113.969999999999,134.60999999999999,6296.2300000000005,267.88,1242.22,1390.29,110.50999999999999,1.86,612.5400000000001,56854.420000000006,548.08,NA,NA,NA,NA,NA
2009,4,FO,7248.180000000007,3720.7000000000003,7571.77,1755.27,1354.2599999999998,3809.74,4775.7,24.21,6999.56,18014.47,1660.8999999999999,2227,NA,2071.5,NA,NA
2009,4,FR,6866.65,43.05,521.6400000000001,900.2100000000003,3132.44,1080.3300000000002,289.05,3.44,2418.5600000000013,10889.189999999999,3479,30.32,NA,NA,NA,NA
2009,5,BA,2264.54,NA,5404.500000000001,28.6,1856.5499999999995,4870.880000000001,3229.3600000000006,807.6999999999999,892.6099999999999,13755.800000000001,1910.1499999999996,35.41,NA,NA,NA,NA
2009,5,FO,3316.9800000000023,506.8,1528.3799999999999,236.48000000000002,948.7299999999998,10498.05,12442.099999999997,43.919999999999995,128065.02000000006,24205.41,2977.2,2112.45,1.51,NA,NA,NA
2009,5,FR,3488.63,NA,1796.5800000000002,1695.2400000000002,2719.79,926.0500000000002,1297.9499999999998,10.950000000000001,2312.5800000000004,505.76,548.77,240.11,0.97,NA,NA,NA
2009,6,BA,2448.8499999999995,180.5,3048.42,153.42000000000002,1173.09,757.49,2868.4599999999996,NA,3690.5999999999985,5727.990000000001,1737.94,376.90999999999997,NA,NA,NA,NA
2009,6,FO,20456.14,2100.45,4262.109999999999,1228.4199999999998,483.9600000000001,2349.01,11757.899999999998,70.27,6456.870000000002,22258.88,11850.100000000002,2212.11,26.44,NA,NA,NA
2009,6,FR,2374.92,338.70000000000005,3463.91,389.21,8289.610000000002,766.3499999999998,1569.4399999999998,NA,1777.7000000000003,-1,157.38,1158.3999999999999,NA,NA,NA,NA
2010,1,BA,2172.01,254.7,9439.210000000001,815.1,1399.1599999999994,1552.6,250.6,3.44,3220.4299999999994,111.24,652.6299999999999,20.89,NA,NA,NA,NA
2010,1,FO,3260.9600000000014,1081.7,3382.28,3271.5,238.24,4317.719999999999,10112.300000000003,46.519999999999996,3634.089999999999,34562.89,16934.399999999998,5523.450000000001,20.53,NA,NA,NA
2010,1,FR,2872.169999999999,167.39999999999998,2394.07,3316.4899999999993,2041.6200000000001,868.35,2568.1699999999996,2.45,3628.180000000001,13511.02,1594.3499999999997,55.099999999999994,NA,NA,NA,NA
2010,2,BA,2455.41,506.31,9379.119999999999,4008.97,2172.3399999999997,2743.87,2851.4500000000003,42.08,1522.11,1085.3300000000004,2230.6000000000004,15.7,10.17,NA,NA,NA
2010,2,FO,9265.340000000002,1250.6000000000004,27279.949999999997,2700.6,714.0000000000001,1233.8099999999997,17094.699999999997,3.86,3162.1700000000005,7807.360000000002,27309,4475.319999999999,8.47,NA,NA,NA
2010,2,FR,7257.55,1181.6000000000001,5555.14,3224.8699999999994,2034.18,2152.959999999999,3427.11,672.8199999999999,3749.9300000000017,2816.17,1527.79,234.49,0.97,NA,NA,NA
2010,3,BA,3884.0499999999997,222.9,3036.6499999999996,2059.78,2701.8500000000004,1238.16,221.5,5.79,1498.2400000000005,18405.61,991.3199999999999,210.3,5.6,NA,NA,NA
2010,3,FO,5283.400000000005,3524.1000000000004,15030.39,2796.22,359.77000000000004,1640.1199999999992,4666.299999999999,122.73999999999998,4872.790000000001,80681.01,3626.8999999999996,868.22,NA,NA,NA,NA
2010,3,FR,3753.6299999999997,1098.2,3011.86,2672.48,2791.8199999999997,1364.3600000000001,1896.6999999999996,236.19,3231.2099999999996,2019.04,2401.75,342.67,NA,NA,NA,NA
2010,4,BA,1708.43,65.4,3369.7000000000003,38.1,1196.7199999999998,1256.61,32.74,3.36,935.6399999999999,32.54,455.6,NA,NA,NA,NA,NA
2010,4,FO,41908.10999999999,1923.3000000000002,9814.020000000002,2030.68,248.03,3175.859999999999,2738.2,91.97999999999999,4817.799999999999,4735.0999999999995,1902.4999999999995,4963.52,0.97,NA,NA,NA
2010,4,FR,2968.639999999999,380.3,1224.48,689.35,5507.969999999998,666.4800000000002,443.30000000000007,7.609999999999999,6107.469999999998,4566.049999999999,495.66999999999996,24.95,NA,NA,NA,NA
2010,5,BA,4118.739999999999,NA,8290.61,193.8,1165.12,1475.1,3832.15,NA,973.8800000000002,1191.1,4201.9,1,NA,NA,NA,NA
2010,5,FO,9029.82,497.9,270.78,345.2,254.79000000000005,5971.740000000001,6097.199999999999,169.08999999999997,4085.4599999999996,2925,6956.33,1867.29,NA,NA,NA,NA
2010,5,FR,5684.68,25.4,4265.3499999999995,1607.4099999999999,2781.15,1091.4499999999998,4405.81,10.65,3372.3799999999997,2331.88,591.26,261.94,NA,NA,NA,NA
2010,6,BA,5307.429999999999,NA,5570.240000000001,136.34,1139.9299999999998,1725.01,2602.15,16,2304.3399999999997,48.6,2070.1699999999996,45.35,0.57,NA,NA,NA
2010,6,FO,8712.180000000002,1572.2000000000003,3621.92,1019.6999999999999,139.05,1030.06,13718.6,195.54,4708.92,3879.99,10947.599999999999,2464.8199999999997,5.81,NA,NA,NA
2010,6,FR,1972.9799999999998,54.2,8665.13,730.3799999999999,9912.57,794.77,4913.37,1.72,2372.6600000000003,382.8,2787.27,1071.85,NA,NA,NA,NA
2011,1,BA,1647.2699999999998,110.70000000000002,6105.33,275.89,850.73,2193.7400000000002,206.01999999999998,435.16,919.5800000000002,86.74000000000001,4856.38,0.63,NA,NA,NA,NA
2011,1,FO,2472.689999999999,536.8,275.7799999999999,2787.6,266.6,2841.7000000000003,3818,35.79,4413.519999999999,15058.46,11361,643.4,10.229999999999999,NA,NA,NA
2011,1,FR,3113.420000000001,488.9,3775.0699999999997,2722.41,1850.32,12317.170000000002,3407.49,16.14,3165.4400000000005,1248.99,2015.9600000000003,29.36,NA,NA,NA,NA
2011,2,BA,3776.9000000000005,280.3,14417.779999999999,4508.990000000001,1326.3899999999999,2165.1099999999997,2276.82,NA,1922.2800000000002,185.7,1813.66,142.08,3.74,NA,NA,NA
2011,2,FO,11729.559999999998,873.4,7144.6399999999985,2212.5,270.59,1836.84,7941.1,2.6399999999999997,8062.120000000001,4908.379999999999,16766.600000000002,4576.320000000001,9.54,125.3,NA,NA
2011,2,FR,4774.580000000002,2385.8900000000003,8152.8499999999995,5144.98,3136.53,1557.9900000000002,4830.68,0.73,7530.6100000000015,2295.0899999999997,2299.34,805.4699999999999,0.97,NA,NA,NA
2011,3,BA,2558.2899999999995,83.6,2772.3,1740.1799999999998,2180.1499999999996,581.9699999999999,1168.66,152.13,750.7599999999999,190,3059.6699999999996,5.75,NA,NA,NA,NA
2011,3,FO,32962.09,2512.4,15593.699999999999,3850.68,516.21,2075.79,3982.1000000000004,191.40000000000003,5092.919999999998,7574.460000000001,2896.9,28.79,2.23,NA,NA,NA
2011,3,FR,9110.200000000003,1083.6000000000001,3768.53,4293.78,2952.9100000000003,1119.8100000000002,2117.7200000000003,NA,2561.309999999999,650.0000000000001,2670.8500000000004,696.09,4.3,NA,NA,NA
2011,4,BA,2121.5200000000004,NA,4580.74,193.8,801.7,1103.8499999999997,236.61999999999995,NA,515.78,222.6,468,NA,NA,NA,NA,NA
2011,4,FO,17687.119999999984,1792.4,9994.72,1698.6,251.26000000000002,2997.0099999999998,4422.1,83.58999999999999,5341.94,20594.039999999994,3019.78,845.6300000000002,0.8699999999999999,128.58,NA,NA
2011,4,FR,5677.050000000002,24.8,1811.4500000000003,1336.3899999999999,2642.1399999999994,1623.5800000000002,122.5,-1,3226.0800000000004,832.3999999999999,1718.6800000000003,9.46,13.110000000000001,NA,NA,NA
2011,5,BA,2849.329999999999,83.6,5085.3,NA,1274.6299999999999,2789.4500000000003,3321.78,195.11,1284.93,349.5,4535.3099999999995,0.34,0.97,NA,NA,NA
2011,5,FO,10930.23,419.38,1050.32,364.2,413.91,4000.36,3122.2399999999993,97.89,2886.079999999999,5287,5477.3,403.3,1.51,NA,NA,NA
2011,5,FR,6723.799999999998,390.7,6120.410000000002,1554.7000000000003,2953.89,1338.1800000000003,3923.1699999999996,-1,3046.0699999999993,31305.9,1625.5200000000002,518.39,NA,NA,NA,NA
2011,6,BA,1981.0900000000004,NA,4602.89,156.69,1669.83,826.1700000000002,1740.9199999999998,126.46000000000001,1718.6,592.5400000000001,5323.49,100.3,5.28,NA,NA,NA
2011,6,FO,3535.820000000001,1343.1,2526.1,1051.78,521.1999999999999,763.8800000000001,9792.9,189.79999999999998,4854.02,17627.140000000003,18062.8,504.45,18.98,61.26,NA,NA
2011,6,FR,4437.359999999999,427.4,6264.050000000001,1672.3899999999999,9016.840000000004,424.72,3562.4200000000005,1.72,3239.19,855.38,1372.08,1957.4700000000003,NA,NA,NA,NA
2012,1,BA,4574.219999999998,354.40000000000003,4219.26,946.49,991.4399999999998,4643.649999999999,3689.9900000000002,53.68,1622.11,9595.7,1790.19,40.15,0.97,NA,NA,NA
2012,1,FO,5947.610000000005,1037.6,248.32,1979.7,534.27,3958.2,3406.2,29.439999999999998,5494.629999999997,32679.890000000007,9700.800000000001,1028.49,11.329999999999998,NA,NA,NA
2012,1,FR,2281.3800000000006,1977.59,2532.1,4782.26,1612.96,2764.0600000000004,3257.16,1.72,5553.800000000001,2629.7399999999993,2136.52,14.02,0.97,NA,NA,NA
2012,2,BA,2640.1,140.1,5988.620000000001,3626.1299999999997,893.1,2216.16,2580.75,3.66,1585.5,108.41,727.9399999999998,10.91,1.51,NA,NA,NA
2012,2,FO,5928.330000000004,296.5,1461.63,1396.35,641.2300000000001,4281.249999999999,12711.779999999999,11.24,3726.3200000000006,7628.409999999999,18973.390000000003,2483.35,23.590000000000003,NA,NA,NA
2012,2,FR,4989.659999999999,503.6,5654.09,4938.41,946.23,3438.44,4597.21,3.63,3890.8399999999992,1582.39,755.9700000000001,193.02,NA,NA,NA,NA
2012,3,BA,2157.809999999999,525.6,1680.06,1545.7100000000003,2389.3699999999994,715.5100000000001,1038.7299999999998,NA,446.37,7405.2,4139.589999999999,NA,NA,NA,NA,NA
2012,3,FO,4055.33,2038.6,11526.460000000001,4545.629999999999,351.90000000000003,3289.5499999999997,5647.999999999999,91.04,5006.35,3792.8700000000003,2354.5,90.19,2.98,NA,NA,NA
2012,3,FR,12305.63,270.85,2360.7000000000003,2536.2999999999997,2159.6599999999994,896.95,1222.3500000000004,NA,1743.7600000000004,3214.1999999999994,427.95,544.0100000000001,NA,NA,NA,NA
2012,4,BA,7377.770000000002,487.1,4372.5,427.28,1110.2800000000002,3829.82,2173.39,NA,894.9599999999999,1304.3000000000002,961.6500000000001,NA,NA,NA,NA,NA
2012,4,FO,3942.91,1995,3640.74,1005.29,200.41000000000003,2351.4400000000005,3374.1699999999996,178.85999999999999,3670.88,4856.269999999999,5182.4,1457.6499999999996,5.92,NA,NA,NA
2012,4,FR,7775.28,231.64000000000001,1261.38,982.5899999999999,4993.13,1572.51,539.5500000000001,NA,3036.4300000000003,4690.620000000001,459.07000000000005,3.7,NA,NA,NA,NA
2012,5,BA,2207.47,NA,4268.35,NA,1120.4799999999998,1222.45,3381.83,3.44,2291.1099999999997,82925.69,4874.28,1.22,NA,NA,NA,NA
2012,5,FO,19583.229999999992,874.6,298.5,388.2,313.21,2605.96,3730.8,37.26,3560.9199999999987,4242.7,5635.8,497.76,NA,NA,NA,NA
2012,5,FR,17930.24,NA,4204.98,1798.76,1657.9699999999996,1014.78,3309.999999999999,16.4,2681.8000000000006,25375.38,871.6500000000001,3946.51,NA,NA,NA,NA
2012,6,BA,3795.639999999999,NA,3134.32,10.89,1663.54,10266.68,1889.2900000000002,NA,1531.6099999999994,367.42,4107.0199999999995,14.17,NA,NA,NA,NA
2012,6,FO,17338.28,1353.4,1979.1000000000001,513.62,35.02,2285.42,7911.02,155.89999999999998,5582.84,13576.2,11338.799999999997,556.67,3.05,NA,NA,NA
2012,6,FR,3024.369999999999,209.00000000000003,6214.14,1531.1000000000001,6700.870000000001,1614.2499999999998,7376.210000000001,3.44,2531.2200000000003,567.9,2098,764.3,NA,NA,NA,NA
2013,1,BA,3153.1800000000003,123,7745.11,761.6999999999999,1239.07,4457.43,1270.04,9.989999999999998,2818.6399999999985,223.28999999999996,1992.6199999999997,9.57,1.54,NA,NA,NA
2013,1,FO,3343.180000000001,481.79999999999995,343.88,1469.65,937.99,4967.38,9880.4,29.14,5734.319999999999,8802.809999999998,24082.499999999996,3134.24,4.68,NA,NA,NA
2013,1,FR,7054.400000000003,439.84000000000003,3885.15,4487.2300000000005,2707.6599999999994,2243.0200000000004,2223.0899999999997,NA,4839.570000000001,53815.579999999994,2643.6800000000003,59.6,NA,NA,NA,NA
2013,2,BA,2827.8800000000015,320,5687.2300000000005,1893.5900000000004,1239.0000000000002,2251.5300000000007,2017.0800000000002,23.33,1816.8099999999997,23.79,1731.5200000000002,58.169999999999995,NA,NA,NA,NA
2013,2,FO,5368.049999999999,452.20000000000005,3843.88,1623.8000000000002,1145.72,3035.28,19860.299999999996,14.17,5879.64,5097.0999999999985,32315.9,2386.2299999999996,5.529999999999999,NA,NA,NA
2013,2,FR,8585.060000000005,473.34000000000003,3819.5199999999995,2522.2000000000003,2067.9500000000003,2318.9700000000003,4073.89,10.15,4976.57,2097.7,1124.2300000000002,344.54999999999995,0.97,NA,NA,NA
2013,3,BA,4700.000000000001,567.9100000000001,2924.8999999999996,2428.5800000000004,2065.7999999999997,763.4200000000001,1948.46,0.44,907.91,30167.260000000002,4023.110000000001,NA,NA,NA,NA,NA
2013,3,FO,37290.35999999997,3341.9,24979.619999999995,4342.56,1087.14,4618.209999999999,15155.800000000001,109.67,7250.27,7042.689999999999,12269.7,41.24,NA,NA,NA,NA
2013,3,FR,27062.200000000026,NA,2765.71,3626.6699999999996,2312.4500000000003,291.99,3284.44,NA,2403.539999999999,1859.36,1205.6599999999999,833.9200000000001,9.2,1458.8,NA,NA
2013,4,BA,14893.32,NA,4909.3,NA,1269.72,863.9699999999998,1607.4500000000003,2.36,723.37,14009.16,1259.0800000000002,NA,4.3,NA,NA,NA
2013,4,FO,7915.16,958.5,5468.42,1477.28,698.9200000000001,3550.3300000000004,5120.030000000001,70.13000000000001,8500.510000000002,5889.67,14634.449999999999,1243.9199999999998,NA,NA,NA,NA
2013,4,FR,27950.049999999996,85,2245.88,697.21,2867.2100000000005,1035.39,448.0899999999999,4.34,1868.3100000000002,3442.11,1022.28,7.540000000000001,NA,NA,NA,NA
2013,5,BA,10012.100000000004,144.6,5521.799999999999,132.2,3372.4899999999993,115385.16000000002,10381.11,2.33,1216.35,366.23999999999995,21890.89,2.9899999999999998,NA,NA,NA,NA
2013,5,FO,14168.87,1278.5,161.44,569.3000000000001,892.7099999999998,4457.7,10221.75,10.35,4137.13,15546.8,9170.63,434.73,NA,NA,NA,NA
2013,5,FR,12970.079999999998,31.8,5341.110000000001,4012.9000000000005,2725.6400000000003,652.57,3064.6800000000007,0.22,2558.02,2756.1,3077.31,702.39,NA,210.7,NA,NA
2013,6,BA,2487.7600000000007,NA,3616.6599999999994,83.2,974.86,1501.7300000000002,7509.009999999999,766.96,1769.2,378.45,9809.77,29.6,1.14,NA,NA,NA
2013,6,FO,64841.77,1863.3000000000002,657.7,1896.97,1248.62,1972.8299999999997,30987.399999999994,113.24999999999999,8927.150000000005,7184.07,44280.100000000006,452.59000000000003,0.97,NA,NA,NA
2013,6,FR,6961.43,102.5,3724.7900000000004,1256.3899999999999,8078.679999999999,547.4200000000001,11208.400000000001,1.72,3925.34,655.8,2025.3999999999999,311.02,NA,NA,NA,NA
2014,1,BA,4768.270000000002,1876.1,9623.32,1297.6999999999998,1660.6299999999997,2179.3,4531.16,3.86,2900.260000000001,160.7,7260.58,9.67,2.35,NA,NA,NA
2014,1,FO,3014.499999999999,608.6,181.32999999999998,2762.5000000000005,349.92,2990.72,6525.1900000000005,59.300000000000004,5267.639999999999,10090.279999999999,14490.5,607.3999999999999,52.03,NA,NA,NA
2014,1,FR,12812.35,909.2,5950.42,4531.94,3151.749999999999,1694.6200000000001,4613.11,1.02,6950.819999999997,21582.700000000004,10179.460000000001,6.5,NA,NA,NA,NA
2014,2,BA,4176.870000000002,528.6,10053.77,4179.9000000000005,841.34,1866.18,3098.22,3.01,1800.2699999999998,30741.6,2187,25.040000000000003,3.08,NA,NA,NA
2014,2,FO,4041.5200000000013,768.6999999999999,4215.930000000001,2599.5200000000004,716.41,4511.48,9242.05,9.15,4129.8099999999995,8646.720000000001,17639.420000000002,5443.7699999999995,24.71,NA,NA,NA
2014,2,FR,15238.470000000007,2579.7000000000003,9747.359999999999,5326.16,1558.6100000000004,1269.38,6999.739999999999,0.73,6230.050000000003,2216.29,3399.04,46.19,3.45,NA,NA,NA
2014,3,BA,4025.3399999999983,362.4,3760.3,5277.9,2194.74,996.9799999999999,6795.5700000000015,NA,1541.5600000000002,13874.9,7790.49,NA,NA,NA,NA,NA
2014,3,FO,16429.359999999997,3687.9,12197.990000000002,3785.9399999999996,209.38,1591.3500000000006,2608.5000000000005,NA,10149.169999999998,64946.340000000004,4005,521.42,NA,NA,NA,NA
2014,3,FR,96739.14,116.8,2874.9599999999996,4903.419999999999,3209.5600000000004,1257.3199999999997,10323.839999999998,NA,3869.0499999999997,1001.03,5116.320000000001,507.83,7.3,NA,NA,NA
2014,4,BA,11815.059999999998,1052.1000000000001,7934.9000000000005,233,2316.69,1236.01,3957.0999999999995,NA,1134.6899999999998,1654.0000000000002,4926.649999999999,NA,0.97,NA,NA,NA
2014,4,FO,3539.239999999999,1865.4999999999998,5034.5599999999995,922.8499999999999,285.92,2228.4399999999996,10441.4,107.07000000000001,3757.96,7311.4,5472,1682.35,4.2,NA,NA,NA
2014,4,FR,12229.45,175.5,1477.9900000000002,1854.7000000000003,5429.2,2810.73,2476.7,3.63,3406.9500000000016,1709.7399999999998,3867.6499999999996,4.739999999999999,1.51,NA,NA,NA
2014,5,BA,6951.420000000002,271.2,8029.659999999999,38.1,1629.29,36448.719999999994,6551.280000000002,NA,1327.2700000000002,15015,15759.809999999996,29.4,NA,NA,NA,NA
2014,5,FO,2094.7999999999993,445.20000000000005,277.63,414.80000000000007,285.68,2638.86,10293.200000000003,48.46,3919.74,24971.1,3597.9999999999995,4082.22,NA,NA,NA,NA
2014,5,FR,22651.51,NA,4001.910000000001,4010.2699999999995,1919.0900000000001,1417.7900000000002,5947.98,NA,2289.1,5836.15,2643.86,633.6999999999999,NA,NA,NA,NA
2014,6,BA,7921.460000000002,65.1,3847.7,181.30999999999997,1248.8299999999997,7899.32,4590.709999999999,96.8,3288.9499999999994,648.49,9766.1,212.21,0.97,NA,NA,NA
2014,6,FO,5141.220000000001,1428.6000000000001,1817.0000000000002,1349.9499999999998,867.8,3107.8099999999995,24307.3,81.42999999999999,8365.27,5971.959999999998,8867,1237.26,5.6899999999999995,NA,NA,NA
2014,6,FR,4869.16,147,5630.98,3406.390000000001,15574.010000000002,517.24,7927.0599999999995,NA,1788.6699999999998,2425.4999999999995,1410.5499999999997,2277.95,NA,NA,NA,NA
2015,1,BA,3174.7900000000013,1475.8000000000002,14974.800000000001,1476.6200000000001,566.7900000000001,662.23,2971.17,NA,2793.87,45509.7,4657.21,NA,1.51,NA,NA,NA
2015,1,FO,2047.1099999999997,1033.7000000000003,978.21,1506.4800000000002,1015.23,6859.11,9291.840000000002,51.93000000000001,6638.060000000003,5466.879999999999,10990.069999999998,3219.3700000000003,11.08,NA,NA,NA
2015,1,FR,11636.410000000009,881.5200000000001,4911.08,3336.0999999999995,3740.050000000001,1191.5600000000002,8220.49,109.62,4277.779999999999,4555.940000000001,4411.879999999999,25.419999999999998,NA,NA,NA,NA
2015,2,BA,4519.690000000001,152.4,10407.839999999997,3072.2000000000003,533.23,999.4599999999999,2887.58,NA,1800.1699999999996,7903.49,2028.68,NA,NA,NA,NA,NA
2015,2,FO,2884.1799999999985,677.5000000000001,4343.060000000001,2115.48,1029.7700000000002,4086.14,12490.5,8.58,4780.240000000001,5906.489999999999,15571.83,13651.84,NA,NA,NA,NA
2015,2,FR,11024.18,225.8,6270.410000000001,3137.4799999999996,2148.3999999999996,1762.3799999999997,9772.269999999999,NA,4776.740000000001,1471.3099999999997,1434.8600000000004,162.06,NA,NA,NA,NA
2015,3,BA,6598.050000000004,1092.5,7553.6,7734.799999999999,2007.4699999999998,210.10000000000002,4208.920000000001,NA,1927.75,355.99,5275.5999999999995,NA,NA,NA,NA,NA
2015,3,FO,3496.67,1993.1000000000004,13940.679999999998,3304.8999999999996,890.6299999999999,1652.58,9339.699999999999,139.48,5372.429999999999,7893.100000000002,7586.4,26.259999999999998,NA,NA,NA,NA
2015,3,FR,17616.509999999995,68.2,3651.0199999999995,8463.89,5985.2300000000005,1120.57,5627.92,NA,3059.28,1972.4,5300.04,331.9,NA,NA,NA,NA
2015,4,BA,10547.480000000001,359.1,12870.1,280.3,3555.730000000001,2042.45,13147.99,NA,1431.38,623.01,7825.9000000000015,NA,NA,NA,NA,NA
2015,4,FO,3890.1,719.5,5916.159999999999,2018.8,1680.33,4172.21,1560.9999999999998,50.12,4365.320000000001,7897.299999999999,7114.499999999999,636.2,NA,NA,NA,NA
2015,4,FR,2810.6499999999996,573.8,4435.29,4860.7699999999995,7250.299999999999,3134.4100000000003,2614.6900000000005,NA,3810.6400000000026,1147.54,6667.91,32.54,NA,NA,NA,NA
2015,5,BA,7164.909999999999,2599.9,7696.66,NA,2704.2399999999993,1042.5,15470.250000000002,NA,1807.03,508.94,26003.6,NA,NA,NA,NA,NA
2015,5,FO,4559.329999999999,1338,995.75,662.8,1055.03,2130.3199999999997,5792.2,46.79,3878.84,3606.3,2812.7,6276.0999999999995,NA,NA,NA,NA
2015,5,FR,19206.900000000005,85,4054.6299999999997,4493.340000000001,5441.43,25530.579999999998,5600.759999999999,NA,4109.080000000002,5503.700000000001,4364.379999999999,1089.1000000000001,NA,NA,NA,NA
2015,6,BA,5558.4800000000005,320.9,2418.6,162.28,2357.5699999999997,1173.3999999999999,13747.890000000003,99.3,4281.550000000001,547.7800000000001,16145.490000000003,254.84,1.17,NA,NA,NA
2015,6,FO,11490.750000000004,886.2,4267.71,1944.7,973.19,2061.4100000000003,14770.7,87.05,8314.97,5907.999999999999,13091.300000000001,420.89,NA,NA,NA,NA
2015,6,FR,5905.460000000004,349.3,4995.8,2247.38,19485.31,717.69,7897.450000000002,NA,1775.5700000000002,1797.6000000000001,4732.91,809.2,NA,NA,NA,NA
2016,1,BA,3775.350000000002,667.4,11304.819999999998,1160.5,1067.34,7168.03,3961.84,293.90999999999997,3639.22,541.2,9071.519999999997,NA,NA,NA,NA,NA
2016,1,FO,4382.0199999999995,404.90000000000003,909.69,2665.5999999999995,1977.1900000000003,8854.65,1992.9999999999998,83.50999999999999,8466.27,5601.700000000001,2505.24,6131.54,4.54,NA,NA,NA
2016,1,FR,4453.880000000001,459.35,10825.390000000001,8373.140000000001,1807.6700000000005,1229.1200000000001,5970.919999999999,NA,4728.759999999998,5188.079999999999,5776.7699999999995,18.14,NA,NA,NA,NA
2016,2,BA,2571.15,NA,13982.12,2617.15,854.65,4186.1900000000005,2417.5099999999998,135.99,2043.4300000000003,209.5,4111.25,NA,-1,NA,NA,NA
2016,2,FO,2258.2799999999993,610.0999999999999,3028.9500000000003,1718.54,602.4599999999999,1979.7299999999996,3701.8,18.32,8111.27,22804.279999999995,2168.2,2648.6900000000005,15.87,NA,NA,NA
2016,2,FR,11542.4,3114.0699999999997,10762.62,4131.1900000000005,3500.32,1438.6299999999997,13990.75,126.27000000000001,5443.45,5101.930000000001,4586.92,189.9,NA,NA,NA,NA
2016,3,BA,3675.6500000000005,672.62,3113.2,4882.0999999999995,1338.4499999999998,626.87,5317.030000000002,NA,2415.4199999999996,76327.59999999999,7326.6900000000005,NA,NA,NA,NA,NA
2016,3,FO,4562.210000000001,2254.5,10887.1,2182.24,594.7199999999999,1816.64,2317.2999999999997,79.80000000000001,6339.400000000002,5293.580000000001,2845.9,56.03,NA,NA,NA,NA
2016,3,FR,6029.1200000000035,1083.6,2393.55,3759.4399999999996,1178.46,1042.5200000000002,2935.6099999999997,NA,2699.780000000002,641.4399999999999,1006.6099999999999,108.55,NA,NA,NA,NA
2016,4,BA,3659.9000000000005,127.7,4641.46,339.7,1990.53,1324.7300000000002,8303.98,0.79,1085.98,245.8,9150.109999999999,NA,NA,NA,NA,NA
2016,4,FO,4271.379999999999,750.7,4190.5,1369.4,1284.9599999999998,1625.1899999999998,1875.7899999999997,29.47,3675.649999999999,4036.8100000000004,3884.6,1627.73,NA,NA,NA,NA
2016,4,FR,18229.6,428.8,1175.71,810.7499999999999,5781.710000000004,6593.66,3694.22,0.79,5857.300000000001,2161.9200000000005,2822.01,58.58,NA,NA,NA,NA
2016,5,BA,3383.4700000000016,148.5,9943.3,57.3,1546.4799999999996,1430.8899999999996,13460.340000000002,5.49,1282.8499999999997,30249.7,8572.49,NA,1.51,NA,NA,NA
2016,5,FO,1964.0900000000008,1378.5,836.78,534.6999999999999,951.21000000000015,1758.0300000000002,5296.5,43,5083.76,56130.899999999994,4747.200000000001,1229.5399999999997,NA,NA,NA,NA
2016,5,FR,5189,119.9,3200.6200000000003,2350.18,2901.9700000000003,958.8199999999998,3461.58,NA,2232.2099999999996,1425.4300000000003,1741.3300000000002,948.76,NA,NA,NA,NA
2016,6,BA,3184.680000000001,200.8,587.1700000000001,248.54,1075.51,1353.48,6111.01,760.1499999999999,3155.1199999999994,566,9210.39,53.459999999999994,0.97,NA,NA,NA
2016,6,FO,3959.790000000001,503.6,802.0999999999999,951.28999999999985,1689.7899999999995,2373.71,9723.300000000001,113.47999999999999,5985.559999999999,6045.299999999999,6062.040000000001,185.81,NA,NA,NA,NA
2016,6,FR,1542.91,32.7,3724.6400000000003,448.77000000000004,6431.55,353.6600000000001,3721.5200000000004,NA,882.3300000000002,8067.899999999999,1247.9099999999999,166.38,NA,NA,NA,NA
2017,1,BA,2361.6899999999996,908.5,8950,932.7,405.76000000000005,1467.4699999999998,6490.1500000000005,36.489999999999995,2498.2700000000004,828,5673.000000000001,NA,1.71,NA,NA,NA
2017,1,FO,4131.119999999998,426.6,1652.1499999999996,1600.2999999999997,3188.879999999999,2405.83,5838.5,82.2,14925.630000000001,6741.6,4980.8,2698.5600000000004,19.130000000000003,NA,NA,NA
2017,1,FR,4379.740000000001,418.8,3601.6899999999996,6770.98,1113.32,788.9499999999998,5982.629999999998,NA,2792.8499999999985,2480.2,4380.070000000001,43.830000000000005,NA,NA,NA,NA
2017,2,BA,5073.779999999998,NA,8863.769999999999,2583.2,1089.99,1274.23,8273.460000000001,22.03,1871.7599999999998,47599.490000000005,2791.98,NA,NA,NA,NA,NA
2017,2,FO,3660.2599999999998,701.2,5795.070000000001,1502.1699999999996,1053.6999999999998,2942.2900000000004,3750.5000000000005,3.88,3975.07,7894,6046.63,1123.33,18.810000000000002,NA,NA,NA
2017,2,FR,9218.66,754.6,3208.3199999999997,6176.32,942.14,8061.19,10845.190000000002,44.34,3614.84,1402.3899999999999,4533.000000000001,NA,NA,NA,NA,NA
2017,3,BA,4593.729999999998,468.9,4777.499999999999,5403.169999999999,1276.2799999999997,6397.190000000001,4775.210000000001,3.58,2907.2400000000002,34389.83,5552.519999999999,NA,NA,NA,NA,NA
2017,3,FO,4008.7000000000007,2351.3,10456.240000000002,1405.1399999999999,608.64,1510.8899999999999,7614.190000000001,119.35,8942.91,7738.140000000001,2918.2000000000003,3755.2599999999998,0.97,NA,NA,NA
2017,3,FR,4561.170000000001,106.14999999999999,2212.07,4716.899999999999,2804.419999999999,911.64,4041.99,NA,2065.23,1196.1,2313.69,7.1899999999999995,5.6,NA,NA,NA
2017,4,BA,4412.3499999999995,518.47,5849.799999999999,NA,2446.5700000000006,1603.3600000000001,3361.3300000000004,0.22,1039.79,644,3073.46,NA,NA,NA,NA,NA
2017,4,FO,2909.4,728.77,3873.45,1181.08,1502.7999999999995,2121.2200000000003,2054.8,32.17,4074.99,3673.78,2686.7000000000003,5913.17,NA,NA,NA,NA
2017,4,FR,7842.350000000003,939.1999999999998,1539.99,804.17,3579.0499999999997,1846.97,7065.610000000001,11.17,4153.550000000001,1621.72,1498.5000000000002,1.31,NA,NA,NA,NA
2017,5,BA,5144.75,244.9,7087.299999999999,162.5,1500.94,3791.6599999999994,5214.16,49.88,1681.0999999999995,5726.179999999999,14689.150000000001,0.33,NA,NA,NA,NA
2017,5,FO,7491.259999999999,639.5,76.53,1011.78,1322.61,2132.7700000000004,6683.7,87.91999999999999,3585.849999999999,77643.6,4950.3,4105.2,NA,NA,NA,NA
2017,5,FR,10420.949999999999,98,2113.0699999999997,2348.72,1739.2700000000002,932.8699999999999,4749.289999999999,19.810000000000002,2620.1200000000003,2374.7099999999996,3859.3799999999997,366.5,NA,NA,NA,NA
2017,6,BA,2504.69,147.2,1306.1999999999998,108.39,595.89,66297.75,3142.8,303.68999999999994,2339.999999999999,60183.52,8656.59,NA,NA,NA,NA,NA
2017,6,FO,2894.78,766.1,3806.1299999999997,1102.4899999999998,1173.6399999999999,3090.8999999999996,14176.349999999999,193.1,5740.55,3963.3300000000004,12924,3290.1400000000003,NA,NA,NA,NA
2017,6,FR,9060.279999999999,457.8,2529.24,731.01,5346.75,819.6400000000001,7783.880000000001,3.36,1274.9299999999998,457,3280.49,371.20000000000005,NA,NA,NA,NA
2018,1,BA,3253.990000000001,589.2,12920.5,814.1000000000001,1508.6999999999998,30209.739999999998,12783.26,NA,2886.330000000001,266.70000000000005,5612.069999999999,NA,NA,NA,NA,NA
2018,1,FO,4121.059999999998,1088.3,2632.22,2142.2000000000003,3260.300000000001,2371.52,2373.4599999999996,63.27,7626.73,6874.589999999999,2696.8,18653.620000000003,10.88,NA,NA,NA
2018,1,FR,2907.0099999999998,NA,6647.839999999999,7366.78,1032.5399999999997,779.6199999999999,7916.13,NA,3408.0200000000004,1723.3799999999999,4697.18,95.34999999999998,NA,NA,NA,NA
2018,2,BA,5083.6500000000005,277.5,9443.69,2770.6900000000005,1287.7399999999998,1120.6,4054.54,NA,3350.110000000001,37917.100000000006,7712.579999999998,133.56,NA,NA,NA,NA
2018,2,FO,3947.6299999999987,1259.3999999999999,5514.850000000002,1856.78,1801.2600000000002,4846.549999999998,5082.62,30.319999999999997,4997.459999999998,8897,2251.63,7986.090000000001,2.08,NA,NA,NA
2018,2,FR,7189.370000000001,NA,7646.719999999999,4448.93,1864.5699999999995,14621.56,17439.64,NA,5855.389999999999,3754.7000000000007,3350.2199999999993,82.8,NA,NA,NA,NA
2018,3,BA,3404.6600000000003,105.8,5363.4000000000005,5567.67,1674.8399999999995,4221.799999999999,6249.18,NA,1644.92,14610.8,3176.9999999999995,NA,NA,NA,NA,NA
2018,3,FO,9545.720000000008,1641.1999999999998,9202.05,2592.5,1149.8199999999997,1632.1399999999999,4903.1,222.89999999999998,6715,6355.089999999999,2292.7,421.78999999999996,15.47,NA,NA,NA
2018,3,FR,3806.899999999999,NA,3403.02,3943.6200000000003,3599.35,510.58,9260.050000000001,NA,3206.1600000000017,603.23,1176.13,121.92999999999999,4.3,NA,NA,NA
2018,4,BA,2730.69,210,6276.300000000001,337.6,1419.86,824.6599999999999,3846.310000000001,NA,537.3200000000002,853.5,1614.3,NA,0.97,NA,NA,NA
2018,4,FO,4153.209999999998,1963.2,4871.49,1403.4,2209.2999999999997,965.46,2726.4,39.03,5424.580000000001,4455.500000000001,920,3458.2799999999997,5.43,NA,NA,NA
2018,4,FR,19016.739999999998,159,1555.6399999999999,1862.5999999999997,4665.36,1485.44,4415.760000000001,2.65,3621.5,2521.1400000000003,1275.5100000000002,1.04,3.74,NA,NA,NA
2018,5,BA,3575.7299999999996,442.6,5023.69,NA,1052.5800000000002,1204.37,7597.6,NA,1350.75,220469.1,8647.42,1,1.51,NA,NA,NA
2018,5,FO,2834.589999999999,903.2,629.42,1502.1800000000003,1285.1099999999997,1988.3300000000002,6217.000000000001,114.7,5470.989999999998,3183.7,2240.6000000000004,1413.9,28.490000000000002,NA,NA,NA
2018,5,FR,4615.710000000002,NA,1561.4699999999998,3104.4400000000005,2528.92,906.79,5085.07,NA,4300.21,1208.5900000000001,2653.29,2068.4,NA,NA,NA,NA
2018,6,BA,5731.82,NA,1252.26,256.64,1664.3999999999999,2069.81,8449.119999999999,343.99,1892.6200000000001,4130.8,8676.339999999998,20.88,1.22,NA,NA,NA
2018,6,FO,4536.919999999997,949.9,3619.4099999999994,685.3199999999999,2688.6400000000017,3393.6700000000005,14053.500000000004,179.35,6978.499999999998,5494.699999999998,3007.1,962.08,2.23,NA,NA,NA
2018,6,FR,1167.73,NA,3885.2000000000003,1084.62,3961.0599999999986,214.29999999999998,7549.21,NA,1614.6399999999994,347.10999999999996,1568.72,0.71,NA,NA,NA,NA
2019,1,BA,1912.6500000000008,1075.3,9803.2,925.7,361.84000000000003,3622.37,4046.68,NA,1902.1100000000001,1399.1000000000001,3680.8100000000004,72.5,0.97,NA,NA,NA
2019,1,FO,1892.3499999999997,1275.6999999999998,4951.7699999999995,3847.42,2287.46,2808.1700000000005,2983.78,30.099999999999998,4875.3200000000015,6059.9,2939.9,1771.4700000000003,0.57,NA,NA,NA
2019,1,FR,3301.0100000000007,2159.6000000000004,5605.800000000002,6379.64,2347.1299999999997,685.6899999999999,7586.62,NA,2902.8100000000004,2635.4899999999993,3241.25,5.3,0.51,NA,NA,NA
2019,2,BA,3365.7800000000007,31.8,8198.31,3700.46,887.88,2388.33,5369.659999999999,21.64,2938.4800000000005,2188.7,5189.13,34.6,NA,NA,NA,NA
2019,2,FO,3523.379999999997,1678.2,6251.59,1258.2300000000002,2041.2400000000005,2033.8200000000002,5411.480000000002,10.5,3633.250000000001,6012.110000000001,3492.1,3963.9700000000003,0.57,NA,NA,NA
2019,2,FR,10138.829999999998,964.89,7606.86,4442.490000000001,1867.8899999999999,1037.09,12673.289999999997,29.56,4815.439999999999,1831.29,5431.459999999999,2.12,NA,NA,NA,NA
2019,3,BA,2992.39,57.8,4930.0199999999995,4049.1,1666.6000000000004,1257.2700000000002,6238.969999999999,484.5,888.01,704,3623.1,NA,NA,NA,NA,NA
2019,3,FO,4507.9000000000015,1837.6,10898.46,1729.57,1016.5999999999999,1308.8400000000001,3336.939999999999,40.32,4826.090000000002,6115.0999999999985,1695.2999999999997,132.79999999999998,NA,NA,NA,NA
2019,3,FR,2730.27,116.2,3149.4099999999994,4025.0899999999997,2453.1900000000005,1042.32,9273.34,NA,3832.48,786.1999999999999,2235.7999999999997,222.79999999999995,NA,NA,NA,NA
2019,4,BA,4157.4400000000005,348.50000000000006,5211.050000000001,302.13,1414.2999999999997,1268.6999999999998,7390.08,NA,2027.8899999999999,2816.3999999999996,3700.4,NA,NA,NA,NA,NA
2019,4,FO,6035.149999999999,2611.9,5311.8499999999985,2209.8,2657.93,2964.5299999999997,3890.2,22.57,6338.55,5709.9800000000005,3541.2999999999997,2280.1799999999994,NA,NA,-1,NA
2019,4,FR,21121.700000000008,2545.4,307.61,1977.3100000000002,5148.340000000001,990.68,5035.23,NA,3270.1600000000003,4308.51,1261.31,54.16,NA,NA,-1,NA
2019,5,BA,4107.089999999998,1221.8,5637.8,367.3,2619.3700000000003,2502.580000000001,7230.080000000001,13.55,1207.25,24464.4,7648.689999999998,NA,NA,NA,NA,NA
2019,5,FO,1801.6899999999991,1671.5000000000002,1048.28,1156.09,2502.8300000000004,2790.47,3875.6,68.27,3066.91,3903.6000000000004,2241.6,756.8299999999999,NA,NA,NA,NA
2019,5,FR,7995.919999999999,4878,1750.14,2944.02,1276.22,1649.0600000000002,9061.609999999999,21.02,3157.6600000000003,4107,4200.07,1257.9900000000002,NA,NA,-1,NA
2019,6,BA,5347.330000000004,272.5,660.0600000000001,28.6,1983.6499999999999,1122.85,4665.2300000000005,2116.8199999999997,2000.7000000000003,1929.3000000000004,9393.23,105.76,NA,NA,NA,NA
2019,6,FO,3399.82,1691.2,8007.48,1198.08,3653.460000000001,2011.4899999999996,10048.1,174.11,7468.549999999999,4202.5,3620.0000000000005,1082.33,NA,NA,NA,NA
2019,6,FR,2403.89,869.4,5033.12,420.89000000000004,3355.340000000001,113.1,3583.1000000000004,NA,497.26,573.9,3417.1600000000003,195.67000000000002,NA,NA,NA,NA
2020,1,BA,2481.7600000000007,724.5,13420.3,1002.4,149.1,1333.6799999999998,4935.550000000001,NA,2074.2799999999993,242.2,6689.829999999999,95.7,1.81,NA,NA,NA
2020,1,FO,2818.249999999998,1415,6526.329999999999,1448.5299999999997,1933.2800000000002,4266.249999999999,2546.16,23.36,5418.709999999998,9754.8,1359.9,6835.7699999999995,NA,NA,-1,NA
2020,1,FR,4561.110000000001,NA,8497.13,7002.870000000001,1409.5099999999998,369.20000000000005,3342.6000000000004,NA,4172.090000000001,1783.8999999999999,8734.819999999998,2.58,NA,125.3,-1,NA
2020,2,BA,5126.830000000001,NA,11336.789999999999,1407.88,1546.2099999999998,23438.999999999996,5375.960000000001,0.08,3710.4300000000003,20128.3,2332.9900000000002,0.16,NA,NA,NA,NA
2020,2,FO,5380.12,3021.5,10052.73,1552.9699999999998,1945.3400000000001,1453.68,2885.3199999999997,19.44,7009.53,9872,2231.37,5618.23,3.14,NA,NA,NA
2020,2,FR,8185.84,346,8736.07,4358.1,2171.23,570.54,8772.780000000002,NA,4430.589999999999,1196.14,2695.1600000000003,4.85,NA,NA,NA,NA
2020,3,BA,3800.899999999999,485.3,7182.000000000001,6567.6,2427.7000000000003,6311.6,4033.37,344.36,1366.91,1032.9,1495.72,NA,NA,NA,NA,NA
2020,3,FO,3464.229999999999,4960.6,15722.349999999999,2408.0200000000004,1136.8799999999999,2800.7100000000005,7119.600000000002,77.58,8568.150000000003,8044.989999999996,2536.7999999999997,1383.38,3.14,NA,-1,NA
2020,3,FR,12436.760000000007,110.4,3867.2300000000005,4288.46,2159.93,1511.69,6248.71,NA,4706.35,85078,2645.99,32.67,NA,NA,NA,NA
2020,4,BA,4226.6,291.5,8303.12,283.2,1797.04,1046.3799999999999,3119.35,1.16,719.4399999999999,49.1,2773.2,NA,NA,NA,NA,NA
2020,4,FO,3205.389999999998,1582.1000000000001,5158.08,2425.35,2008.0099999999998,1558.1100000000001,3005.53,32.87,8667.470000000003,4500.789999999999,3432.8,8978.67,NA,NA,-1,NA
2020,4,FR,23165.359999999993,47.8,6021.78,2364.98,7373.440000000004,1130.31,16593.44,28.96,2638.4,7110.200000000001,2991.8,0.08,NA,NA,NA,NA
2020,5,BA,3453.4799999999996,NA,10852.400000000001,183.7,2908.4299999999994,2126.5,5250.5700000000015,NA,1302.0800000000002,71.9,8648.82,NA,0.97,NA,NA,NA
2020,5,FO,7105.751000000001,648.3000000000001,3111.3,371.48,1137.1999999999998,2087.35,2292.9,110.61999999999999,3545.4599999999987,34061.3,1140.4,470.73,NA,NA,-1,NA
2020,5,FR,12437.53,975.1,5666.66,3879.2699999999995,1977.5899999999997,330.95,4535.47,NA,5950.9800000000005,3493.2999999999997,3312.27,1286.6000000000001,NA,NA,-1,NA
2020,6,BA,2975.3199999999993,234.3,3212.9000000000005,134.5,2003.05,1218.7100000000003,2551.0099999999993,NA,5483.200000000001,534.5,7398.719999999999,144.85,NA,NA,NA,NA
2020,6,FO,6124.140000000001,2944,4563.4,1611.6999999999998,1685.2,5275.53,7830.29,201.31,17096.99,4742.3,2619.2,1136.68,2.23,NA,NA,NA
2020,6,FR,3064.17,NA,2288.88,158.62,3244.2099999999987,139.10000000000002,14892.610000000002,22.84,450.76000000000005,332.70000000000005,1668.9099999999999,10.07,NA,NA,NA,NA
2021,1,BA,5351.04,2781.45,9604.000000000002,1374,453.20000000000005,1607.5499999999997,7540.9400000000005,3.4400000000000004,3005.109999999999,662.7,6631.54,NA,4.3,NA,NA,NA
2021,1,FO,3252.1799999999994,6603.0999999999995,8365.79,2024.97,1684.6399999999999,3172.8300000000004,12720.77,33.91,5653.91,11082.599999999999,10275.8,3058.2099999999996,NA,NA,NA,NA
2021,1,FR,6785.02,138.9,10373.86,9054.54,3167.78,436.50000000000006,8917.980000000001,NA,3171.2000000000007,1758.5099999999995,8276.199999999999,16.37,NA,NA,NA,NA
2021,2,BA,5805.560000000001,313.5,9483.14,3701.8,1788.7000000000003,1074.4299999999998,4082.5899999999997,NA,1459.3100000000002,4516.04,9513.880000000001,1.8,NA,NA,-1,NA
2021,2,FO,7196.970000000001,3103.9000000000005,7117.980000000001,2045.3,1614.8699999999994,4296.6,7451.9,13.72,4835.529999999999,8388.389999999998,4423.0999999999985,7646.8499999999995,NA,NA,NA,NA
2021,2,FR,16134.440000000002,138.5,13905.029999999999,4118.9,1772.7000000000005,1515.3099999999997,15560.46,NA,4209.73,4757.9299999999985,7162.08,841.8399999999999,NA,NA,-1,NA
2021,3,BA,6161.259999999999,79.5,6459.5999999999995,5277.3,1867.55,1283.7,5344.250000000001,NA,2419.59,815.1999999999999,3328.7000000000003,NA,NA,NA,NA,NA
2021,3,FO,8510.529999999997,2000.8,9080.310000000001,2017.5300000000004,1408.3500000000001,1415.25,3446.0999999999995,390.29,11237.960000000003,5866.700000000001,1244.4,554.16,NA,NA,NA,NA
2021,3,FR,12038.930000000008,149.60000000000002,4740.37,4966.6,3392.7899999999995,2060.62,3004.9900000000002,NA,5442.259999999999,2107.9,1063.45,54.57,NA,NA,NA,NA
2021,4,BA,20061.129999999994,3422.1,9778.100000000002,289.1,2709.8799999999997,1531.8400000000001,3748.3700000000003,NA,869.1700000000001,524.9,3004.12,NA,5.6,NA,NA,NA
2021,4,FO,7206.530000000001,1310.8999999999999,5637.57,2483.4900000000002,1255.49,1439.0200000000002,2955.7,38.36,5660.93,5426.9000000000015,4655.7,10683.050000000001,NA,NA,NA,NA
2021,4,FR,62417.24,169.9,2276.89,2131.02,3906.609999999999,490.11,4729.03,NA,4382.159999999999,2371,1573.1,NA,NA,NA,NA,NA
2021,5,BA,3990.1799999999994,318,6298.1,NA,1314.5000000000002,2959.5899999999997,6952.840000000001,NA,2803.3,487.6,12771.099999999999,2.04,NA,NA,NA,NA
2021,5,FO,7718.070000000001,1044.2,1340.84,1597.3999999999999,1203.57,1696.81,7390.800000000001,55.68,2922.62,1288.8,8747.64,3445.600000000001,3.14,NA,NA,NA
2021,5,FR,3626.899999999999,85,6804.83,3338.66,2175.3100000000004,426.23,2217.73,NA,6758.5599999999995,885.93,2353.93,1607.1499999999999,NA,NA,NA,NA
2021,6,BA,5151.470000000003,NA,2267.3,183.7,1067.08,1229.5,3093.5,NA,5008.32,806.4,9254.609999999997,311.20000000000005,NA,NA,NA,NA
2021,6,FO,6186.120000000002,5473.4000000000005,6739.79,1343.1999999999998,1712.3799999999999,8032.840000000001,15288,137.33999999999997,9423.860000000002,12458.5,10917,729.9200000000001,NA,NA,NA,NA
2021,6,FR,787.8499999999998,NA,1118.8600000000001,NA,1718.9099999999999,NA,324.94,NA,600.9200000000001,NA,8.77,130.41,NA,NA,NA,NA
2022,1,BA,2340.9599999999996,191.8,8827.9,222,491.4,5364.52,9057.09,NA,1442.26,264.3,3649.2099999999996,NA,NA,NA,NA,NA
2022,1,FO,3610.1599999999985,3239,6882.18,2821.73,1115.73,2603.53,4787.59,52.75,4208.66,25666.10000000001,2020.3999999999999,2968.3400000000006,NA,NA,NA,NA
2022,1,FR,2772.0700000000006,NA,12498.999999999996,7641.689999999999,2034.89,859.27,4738.11,NA,2805.870000000001,4342.8,4759.22,20.89,NA,NA,NA,NA
2022,2,BA,3829.8300000000004,65.1,8827.85,3525.5000000000005,1841.7599999999998,1008.82,4764.16,NA,1906.22,1511.8,10134.75,18.59,NA,NA,NA,NA
2022,2,FO,5305.410000000001,2065.2,9472.320000000002,2208.4,921.6000000000001,1849.7299999999998,3638.899999999999,26.79,2940.8799999999997,43802.50000000001,4847.04,10760.66,0.57,NA,NA,NA
2022,2,FR,12320.850000000002,3878.3000000000006,8353.759999999998,3613.5200000000004,2075.6000000000004,1000.3,15186.93,NA,2826.6900000000005,4372.8,8459.76,9.379999999999999,NA,NA,NA,NA
2022,3,BA,3366.23,159,4648.7,3246.3800000000006,2383.92,11390.600000000002,5949.100000000001,NA,1298.3500000000001,46732.4,4032.6999999999994,NA,NA,NA,NA,NA
2022,3,FO,2362.5099999999998,886.3000000000001,9346.43,1707.5,894.34,1519.48,5819.4000000000015,92.68,5045.279999999998,2051.1000000000004,2404.3999999999996,2655.76,NA,NA,NA,NA
2022,3,FR,12499.76,57.5,5413.3899999999985,4803.9800000000005,3847.7199999999993,934.57,8539.730000000003,29.56,5650.180000000001,2118.7000000000003,1006.51,29.82,NA,NA,-2,NA
2022,4,BA,3487.9000000000005,NA,7529.700000000002,289.1,614.3999999999999,1860.1,7594.6,1.86,1007.24,86.6,5346.9000000000015,NA,NA,NA,NA,NA
2022,4,FO,4272.460000000002,789.0999999999999,4404.27,1447.9,859.6899999999999,4481.139999999999,4140.499999999999,95.73,3747.0699999999997,5342.0999999999995,1108.4,2655.9900000000002,NA,NA,NA,NA
2022,4,FR,9413.649999999998,102.4,4223.340000000001,2471.57,3631.959999999999,653.1199999999999,4872.040000000001,3.63,5542.4699999999975,1664.67,554.32,NA,NA,NA,NA,NA
2022,5,BA,3386.4,403.40000000000003,6846.6,NA,1153.53,14206.93,5481.92,NA,1736.6100000000004,1017.7,7584.33,0.29,NA,NA,NA,NA
2022,5,FO,1543.5200000000002,504.4,1574.1299999999999,1375.1000000000001,885.1199999999999,5592.63,23296.200000000004,6.79,2741.3600000000006,910.0999999999999,11693.5,1110.2200000000003,NA,NA,NA,NA
2022,5,FR,9558.279999999999,371.4,7879.57,2900.7599999999998,2488.9,1006.6299999999999,5152.719999999999,NA,2432.6299999999997,1056.13,4262.7,1385.9,NA,NA,-3,NA
2022,6,BA,2570.33,NA,200,49.4,1327.7899999999997,2824.84,5127.460000000001,103.47,1990.8600000000004,148.1,10463.210000000001,70.94,2.66,NA,NA,NA
2022,6,FO,2244.58,3415.2999999999997,3821.63,1745.48,743.09,3163.1299999999997,20864.4,139.74,5205.459999999997,7424.799999999999,9248.300000000001,304.47,NA,NA,NA,NA
2022,6,FR,2184.2500000000005,NA,5207.3,212.29999999999998,4325.520000000001,347.37,19344.029999999995,NA,1585.1299999999999,912.8000000000001,6029.860000000001,16.29,NA,NA,NA,NA
